{
  "calibration_id": "windflow_20260519_233331",
  "timestamp": "2026-05-19T23:33:31.259409",
  "polynomials": [
    {
      "fan_id": 0,
      "windflow_sensor_id": 0,
      "coefficients": [
        0.002612430979591837,
        -0.12931488292517004
      ],
      "degree": 1,
      "r_squared": 0.9190339755564276,
      "data_points": [
        [
          15,
          0.044856
        ],
        [
          20,
          -0.011482
        ],
        [
          25,
          -0.030585
        ],
        [
          30,
          0.007459
        ],
        [
          35,
          -0.069285
        ],
        [
          40,
          -0.069285
        ],
        [
          45,
          -0.030585
        ],
        [
          50,
          0.026237
        ],
        [
          55,
          0.007459
        ],
        [
          60,
          -0.01790366666666667
        ],
        [
          65,
          0.007459
        ],
        [
          70,
          0.026237
        ],
        [
          75,
          0.05710933333333334
        ],
        [
          80,
          0.026237
        ],
        [
          85,
          0.007459
        ],
        [
          90,
          0.081616
        ],
        [
          95,
          0.1356
        ],
        [
          100,
          0.099765
        ],
        [
          105,
          0.063313
        ],
        [
          110,
          0.081616
        ],
        [
          115,
          0.20546699999999998
        ],
        [
          120,
          0.188222
        ],
        [
          125,
          0.222567
        ],
        [
          130,
          0.188222
        ],
        [
          135,
          0.354302
        ],
        [
          140,
          0.289542
        ],
        [
          145,
          0.239522
        ],
        [
          150,
          0.416938
        ],
        [
          155,
          0.289403
        ],
        [
          160,
          0.239522
        ],
        [
          165,
          0.273008
        ],
        [
          170,
          0.267079
        ],
        [
          175,
          0.26184599999999997
        ],
        [
          180,
          0.305936
        ],
        [
          185,
          0.256337
        ],
        [
          190,
          0.370158
        ],
        [
          195,
          0.35430199999999995
        ],
        [
          200,
          0.40147400000000005
        ],
        [
          205,
          0.492373
        ],
        [
          210,
          0.492373
        ],
        [
          215,
          0.416938
        ],
        [
          220,
          0.416938
        ],
        [
          225,
          0.447486
        ],
        [
          230,
          0.447486
        ],
        [
          235,
          0.507092
        ],
        [
          240,
          0.536168
        ],
        [
          245,
          0.492373
        ],
        [
          250,
          0.5778989999999999
        ],
        [
          255,
          0.550532
        ]
      ]
    },
    {
      "fan_id": 1,
      "windflow_sensor_id": 1,
      "coefficients": [
        -0.0001614762380952378,
        -0.04571974867346941
      ],
      "degree": 1,
      "r_squared": 0.02847977752052111,
      "data_points": [
        [
          15,
          -0.1286
        ],
        [
          20,
          -0.030585
        ],
        [
          25,
          -0.049852
        ],
        [
          30,
          -0.069285
        ],
        [
          35,
          0.007459
        ],
        [
          40,
          -0.069285
        ],
        [
          45,
          -0.069285
        ],
        [
          50,
          -0.08888800000000001
        ],
        [
          55,
          -0.069285
        ],
        [
          60,
          -0.043429666666666665
        ],
        [
          65,
          -0.069285
        ],
        [
          70,
          -0.069285
        ],
        [
          75,
          -0.030748333333333332
        ],
        [
          80,
          -0.1286
        ],
        [
          85,
          -0.049852
        ],
        [
          90,
          -0.10212533333333333
        ],
        [
          95,
          0.007459
        ],
        [
          100,
          -0.08888800000000001
        ],
        [
          105,
          -0.05632966666666667
        ],
        [
          110,
          -0.069285
        ],
        [
          115,
          -0.011482
        ],
        [
          120,
          0.007459
        ],
        [
          125,
          0.026237
        ],
        [
          130,
          -0.210105
        ],
        [
          135,
          -0.049852
        ],
        [
          140,
          0.007459
        ],
        [
          145,
          -0.030585
        ],
        [
          150,
          -0.011482
        ],
        [
          155,
          0.0010910000000000006
        ],
        [
          160,
          -0.030585
        ],
        [
          165,
          -0.030585
        ],
        [
          170,
          -0.09592833333333332
        ],
        [
          175,
          -0.18293666666666666
        ],
        [
          180,
          -0.011482
        ],
        [
          185,
          -0.030585
        ],
        [
          190,
          -0.169003
        ],
        [
          195,
          -0.011482
        ],
        [
          200,
          -0.251925
        ],
        [
          205,
          -0.049852
        ],
        [
          210,
          -0.049852
        ],
        [
          215,
          -0.011482
        ],
        [
          220,
          -0.294469
        ],
        [
          225,
          -0.049852
        ],
        [
          230,
          -0.169003
        ],
        [
          235,
          -0.011482
        ],
        [
          240,
          -0.108659
        ],
        [
          245,
          -0.011482
        ],
        [
          250,
          -0.069953
        ],
        [
          255,
          -0.1286
        ]
      ]
    },
    {
      "fan_id": 2,
      "windflow_sensor_id": 2,
      "coefficients": [
        0.0021140335714285715,
        -0.1978695185374149
      ],
      "degree": 1,
      "r_squared": 0.8957276315726065,