{
  "calibration_id": "windflow_20260519_235720",
  "timestamp": "2026-05-19T23:57:20.807006",
  "polynomials": [
    {
      "fan_id": 0,
      "windflow_sensor_id": 0,
      "coefficients": [
        0.002513253044217687,
        -0.08249153171768704
      ],
      "degree": 1,
      "r_squared": 0.8991117580998084,
      "data_points": [
        [
          15,
          0.20546699999999998
        ],
        [
          20,
          0.063313
        ],
        [
          25,
          -0.030585
        ],
        [
          30,
          -0.030585
        ],
        [
          35,
          -0.024272
        ],
        [
          40,
          -0.030585
        ],
        [
          45,
          0.044856
        ],
        [
          50,
          -0.011482
        ],
        [
          55,
          -0.011482
        ],
        [
          60,
          0.044856
        ],
        [
          65,
          0.044856
        ],
        [
          70,
          0.081616
        ],
        [
          75,
          0.063313
        ],
        [
          80,
          0.08146166666666667
        ],
        [
          85,
          0.117759
        ],
        [
          90,
          0.063313
        ],
        [
          95,
          0.170829
        ],
        [
          100,
          0.117759
        ],
        [
          105,
          0.170829
        ],
        [
          110,
          0.117759
        ],
        [
          115,
          0.188222
        ],
        [
          120,
          0.153289
        ],
        [
          125,
          0.322193
        ],
        [
          130,
          0.322193
        ],
        [
          135,
          0.322193
        ],
        [
          140,
          0.289542
        ],
        [
          145,
          0.305936
        ],
        [
          150,
          0.35430199999999995
        ],
        [
          155,
          0.3004713333333333
        ],
        [
          160,
          0.370158
        ],
        [
          165,
          0.289542
        ],
        [
          170,
          0.374706
        ],
        [
          175,
          0.33778199999999997
        ],
        [
          180,
          0.370158
        ],
        [
          185,
          0.338316
        ],
        [
          190,
          0.2976005
        ],
        [
          195,
          0.46257
        ],
        [
          200,
          0.492373
        ],
        [
          205,
          0.3595873333333333
        ],
        [
          210,
          0.416938
        ],
        [
          215,
          0.46257
        ],
        [
          220,
          0.452514
        ],
        [
          225,
          0.564779
        ],
        [
          230,
          0.46257
        ],
        [
          235,
          0.521689
        ],
        [
          240,
          0.536168
        ],
        [
          245,
          0.564779
        ],
        [
          250,
          0.564779
        ],
        [
          255,
          0.536168
        ]
      ]
    },
    {
      "fan_id": 1,
      "windflow_sensor_id": 1,
      "coefficients": [
        -0.00023327937755102018,
        -0.03604786906462588
      ],
      "degree": 1,
      "r_squared": 0.033248385520907586,
      "data_points": [
        [
          15,
          -0.1286
        ],
        [
          20,
          -0.108659
        ],
        [
          25,
          -0.069285
        ],
        [
          30,
          -0.049852
        ],
        [
          35,
          -0.037007333333333337
        ],
        [
          40,
          -0.049852
        ],
        [
          45,
          -0.049852
        ],
        [
          50,
          -0.049852
        ],
        [
          55,
          -0.049852
        ],
        [
          60,
          -0.069285
        ],
        [
          65,
          -0.040218500000000004
        ],
        [
          70,
          0.026237
        ],
        [
          75,
          -0.08888800000000001
        ],
        [
          80,
          -0.02421733333333333
        ],
        [
          85,
          -0.069285
        ],
        [
          90,
          -0.049852
        ],
        [
          95,
          0.026237
        ],
        [
          100,
          -0.049852
        ],
        [
          105,
          -0.030585
        ],
        [
          110,
          -0.108659
        ],
        [
          115,
          -0.030585
        ],
        [
          120,
          0.007459
        ],
        [
          125,
          -0.049852
        ],
        [
          130,
          -0.049852
        ],
        [
          135,
          -0.1286
        ],
        [
          140,
          -0.030585
        ],
        [
          145,
          -0.011482
        ],
        [
          150,
          -0.011482
        ],
        [
          155,
          0.03838133333333333
        ],
        [
          160,
          0.007459
        ],
        [
          165,
          -0.42660800000000004
        ],
        [
          170,
          -0.043484999999999996
        ],
        [
          175,
          -0.011644666666666666
        ],
        [
          180,
          -0.189466
        ],
        [
          185,
          -0.148715
        ],
        [
          190,
          -0.0020114999999999994
        ],
        [
          195,
          -0.108659
        ],
        [
          200,
          -0.011482
        ],
        [
          205,
          -0.03318633333333334
        ],
        [
          210,
          0.026237
        ],
        [
          215,
          -0.049852
        ],
        [
          220,
          -0.11018233333333333
        ],
        [
          225,
          -0.251925
        ],
        [
          230,
          0.007459
        ],
        [
          235,
          -0.148715
        ],
        [
          240,
          -0.1286
        ],
        [
          245,
          0.1356
        ],
        [
          250,
          -0.294469
        ],
        [
          255,
          -0.189466
        ]
      ]
    },
    {
      "fan_id": 2,
      "windflow_sensor_id": 2,
      "coefficients": [
        0.00210862943197279,
        -0.16546029304421772
      ],
      "degree": 1,
      "r_squared": 0.9095346685925461,