{
  "calibration_id": "windflow_20260519_151611",
  "timestamp": "2026-05-19T15:16:11.482911",
  "polynomials": [
    {
      "fan_id": 0,
      "windflow_sensor_id": 0,
      "coefficients": [
        0.0025697171836734692,
        -0.16585928918367326
      ],
      "degree": 1,
      "r_squared": 0.8759657124117691,
      "data_points": [
        [
          15,
          0.117759
        ],
        [
          20,
          -0.05001933333333333
        ],
        [
          25,
          -0.108659
        ],
        [
          30,
          -0.08888800000000001
        ],
        [
          35,
          -0.11536266666666666
        ],
        [
          40,
          -0.108659
        ],
        [
          45,
          -0.069285
        ],
        [
          50,
          -0.10206866666666665
        ],
        [
          55,
          -0.037284
        ],
        [
          60,
          -0.069285
        ],
        [
          65,
          -0.011482
        ],
        [
          70,
          0.0008739999999999998
        ],
        [
          75,
          0.081616
        ],
        [
          80,
          0.026237
        ],
        [
          85,
          0.081616
        ],
        [
          90,
          0.03244333333333333
        ],
        [
          95,
          0.081616
        ],
        [
          100,
          0.081616
        ],
        [
          105,
          -0.011482
        ],
        [
          110,
          0.117759
        ],
        [
          115,
          0.1356
        ],
        [
          120,
          0.063313
        ],
        [
          125,
          0.14144566666666666
        ],
        [
          130,
          0.081616
        ],
        [
          135,
          0.273008
        ],
        [
          140,
          0.2393803333333333
        ],
        [
          145,
          0.153289
        ],
        [
          150,
          0.256337
        ],
        [
          155,
          0.099765
        ],
        [
          160,
          0.305936
        ],
        [
          165,
          0.239522
        ],
        [
          170,
          0.35430199999999995
        ],
        [
          175,
          0.289542
        ],
        [
          180,
          0.322193
        ],
        [
          185,
          0.477532
        ],
        [
          190,
          0.239522
        ],
        [
          195,
          0.188222
        ],
        [
          200,
          0.408822
        ],
        [
          205,
          0.40147400000000005
        ],
        [
          210,
          0.370158
        ],
        [
          215,
          0.364828
        ],
        [
          220,
          0.40147400000000005
        ],
        [
          225,
          0.370158
        ],
        [
          230,
          0.401474
        ],
        [
          235,
          0.40147400000000005
        ],
        [
          240,
          0.536168
        ],
        [
          245,
          0.492373
        ],
        [
          250,
          0.5212113333333334
        ],
        [
          255,
          0.492373
        ]
      ]
    },
    {
      "fan_id": 1,
      "windflow_sensor_id": 1,
      "coefficients": [
        -5.71102040816314e-07,
        -0.11225462911564629
      ],
      "degree": 1,
      "r_squared": 2.647257202337272e-07,
      "data_points": [
        [
          15,
          -0.1286
        ],
        [
          20,
          -0.14201
        ],
        [
          25,
          -0.148715
        ],
        [
          30,
          -0.108659
        ],
        [
          35,
          -0.1286
        ],
        [
          40,
          -0.1286
        ],
        [
          45,
          -0.069285
        ],
        [
          50,
          -0.10882833333333332
        ],
        [
          55,
          -0.12195299999999999
        ],
        [
          60,
          -0.1286
        ],
        [
          65,
          -0.069285
        ],
        [
          70,
          -0.049852
        ],
        [
          75,
          -0.108659
        ],
        [
          80,
          -0.1286
        ],
        [
          85,
          -0.049852
        ],
        [
          90,
          -0.17582399999999998
        ],
        [
          95,
          -0.108659
        ],
        [
          100,
          -0.1286
        ],
        [
          105,
          -0.1286
        ],
        [
          110,
          -0.08888800000000001
        ],
        [
          115,
          -0.251925
        ],
        [
          120,
          -0.251925
        ],
        [
          125,
          -0.09042499999999999
        ],
        [
          130,
          -0.189466
        ],
        [
          135,
          -0.049852
        ],
        [
          140,
          -0.08905666666666666
        ],
        [
          145,
          -0.1286
        ],
        [
          150,
          -0.011482
        ],
        [
          155,
          -0.189466
        ],
        [
          160,
          -0.030585
        ],
        [
          165,
          0.026237
        ],
        [
          170,
          -0.108659
        ],
        [
          175,
          0.007459
        ],
        [
          180,
          0.044856
        ],
        [
          185,
          -0.011482
        ],
        [
          190,
          -0.08888800000000001
        ],
        [
          195,
          -0.23092499999999996
        ],
        [
          200,
          -0.18293500000000001
        ],
        [
          205,
          0.026237
        ],
        [
          210,
          -0.210105
        ],
        [
          215,
          -0.16917833333333335
        ],
        [
          220,
          -0.049852
        ],
        [
          225,
          -0.069285
        ],
        [
          230,
          -0.294469
        ],
        [
          235,
          -0.049852
        ],
        [
          240,
          -0.169003
        ],
        [
          245,
          -0.108659
        ],
        [
          250,
          -0.30171433333333336
        ],
        [
          255,
          -0.030585
        ]
      ]
    },
    {
      "fan_id": 2,
      "windflow_sensor_id": 2,
      "coefficients": [
        0.002215657224489796,
        -0.2435375552380951
      ],
      "degree": 1,
      "r_squared": 0.8893552365111708,