{
  "calibration_id": "windflow_20260518_215323",
  "timestamp": "2026-05-18T21:53:23.226800",
  "polynomials": [
    {
      "fan_id": 0,
      "windflow_sensor_id": 0,
      "coefficients": [
        0.0023467403469387754,
        0.24227937969387775
      ],
      "degree": 1,
      "r_squared": 0.9427432924181873,
      "data_points": [
        [
          15,
          0.305936
        ],
        [
          20,
          0.289542
        ],
        [
          25,
          0.289542
        ],
        [
          30,
          0.322193
        ],
        [
          35,
          0.305936
        ],
        [
          40,
          0.305936
        ],
        [
          45,
          0.305936
        ],
        [
          50,
          0.338316
        ],
        [
          55,
          0.305936
        ],
        [
          60,
          0.40147400000000005
        ],
        [
          65,
          0.416938
        ],
        [
          70,
          0.338316
        ],
        [
          75,
          0.38588
        ],
        [
          80,
          0.507092
        ],
        [
          85,
          0.477532
        ],
        [
          90,
          0.43227600000000005
        ],
        [
          95,
          0.477532
        ],
        [
          100,
          0.477532
        ],
        [
          105,
          0.477532
        ],
        [
          110,
          0.550532
        ],
        [
          115,
          0.564779
        ],
        [
          120,
          0.521689
        ],
        [
          125,
          0.521689
        ],
        [
          130,
          0.550532
        ],
        [
          135,
          0.578911
        ],
        [
          140,
          0.634316
        ],
        [
          145,
          0.620629
        ],
        [
          150,
          0.550532
        ],
        [
          155,
          0.620629
        ],
        [
          160,
          0.606833
        ],
        [
          165,
          0.661361
        ],
        [
          170,
          0.647891
        ],
        [
          175,
          0.592931
        ],
        [
          180,
          0.661361
        ],
        [
          185,
          0.701133
        ],
        [
          190,
          0.701133
        ],
        [
          195,
          0.674724
        ],
        [
          200,
          0.727132
        ],
        [
          205,
          0.7399780000000001
        ],
        [
          210,
          0.777931
        ],
        [
          215,
          0.765378
        ],
        [
          220,
          0.839279
        ],
        [
          225,
          0.714182
        ],
        [
          230,
          0.68798
        ],
        [
          235,
          0.701133
        ],
        [
          240,
          0.87499
        ],
        [
          245,
          0.8512720000000001
        ],
        [
          250,
          0.8027510000000001
        ],
        [
          255,
          0.7903889999999999
        ]
      ]
    },
    {
      "fan_id": 1,
      "windflow_sensor_id": 1,
      "coefficients": [
        -0.00023326677551020517,
        0.32408495346938787
      ],
      "degree": 1,
      "r_squared": 0.0501856437507614,
      "data_points": [
        [
          15,
          0.305936
        ],
        [
          20,
          0.305936
        ],
        [
          25,
          0.305936
        ],
        [
          30,
          0.322193
        ],
        [
          35,
          0.289542
        ],
        [
          40,
          0.305936
        ],
        [
          45,
          0.322193
        ],
        [
          50,
          0.322193
        ],
        [
          55,
          0.305936
        ],
        [
          60,
          0.305936
        ],
        [
          65,
          0.338316
        ],
        [
          70,
          0.273008
        ],
        [
          75,
          0.256337
        ],
        [
          80,
          0.305936
        ],
        [
          85,
          0.322193
        ],
        [
          90,
          0.38588
        ],
        [
          95,
          0.322193
        ],
        [
          100,
          0.338316
        ],
        [
          105,
          0.338316
        ],
        [
          110,
          0.305936
        ],
        [
          115,
          0.222567
        ],
        [
          120,
          0.289542
        ],
        [
          125,
          0.273008
        ],
        [
          130,
          0.256337
        ],
        [
          135,
          0.322193
        ],
        [
          140,
          0.35430199999999995
        ],
        [
          145,
          0.35430199999999995
        ],
        [
          150,
          0.1356
        ],
        [
          155,
          0.322193
        ],
        [
          160,
          0.256337
        ],
        [
          165,
          0.289542
        ],
        [
          170,
          0.239522
        ],
        [
          175,
          0.256337
        ],
        [
          180,
          0.338316
        ],
        [
          185,
          0.35430199999999995
        ],
        [
          190,
          0.305936
        ],
        [
          195,
          0.38588
        ],
        [
          200,
          0.35430199999999995
        ],
        [
          205,
          0.256337
        ],
        [
          210,
          0.338316
        ],
        [
          215,
          -0.049852
        ],
        [
          220,
          0.35430199999999995
        ],
        [
          225,
          0.35430199999999995
        ],
        [
          230,
          0.289542
        ],
        [
          235,
          0.081616
        ],
        [
          240,
          0.273008
        ],
        [
          245,
          0.338316
        ],
        [
          250,
          0.273008
        ],
        [
          255,
          0.239522
        ]
      ]
    },
    {
      "fan_id": 2,
      "windflow_sensor_id": 2,
      "coefficients": [
        0.0019983508367346936,
        0.17767857581632662
      ],
      "degree": 1,
      "r_squared": 0.8790993511769365,