{
  "calibration_id": "windflow_20260520_000514",
  "timestamp": "2026-05-20T00:05:14.004216",
  "polynomials": [
    {
      "fan_id": 0,
      "windflow_sensor_id": 0,
      "coefficients": [
        0.002483296557823129,
        -0.1257389366666666
      ],
      "degree": 1,
      "r_squared": 0.9003374825996496,
      "data_points": [
        [
          15,
          0.153289
        ],
        [
          20,
          -0.030585
        ],
        [
          25,
          -0.049852
        ],
        [
          30,
          -0.024656666666666664
        ],
        [
          35,
          -0.069285
        ],
        [
          40,
          0.007459
        ],
        [
          45,
          -0.05632966666666667
        ],
        [
          50,
          -0.049852
        ],
        [
          55,
          -0.030585
        ],
        [
          60,
          0.001145333333333334
        ],
        [
          65,
          -0.011482
        ],
        [
          70,
          -0.049852
        ],
        [
          75,
          0.019709
        ],
        [
          80,
          0.04469666666666666
        ],
        [
          85,
          0.063313
        ],
        [
          90,
          0.099765
        ],
        [
          95,
          0.044856
        ],
        [
          100,
          0.153289
        ],
        [
          105,
          0.1356
        ],
        [
          110,
          0.1356
        ],
        [
          115,
          0.170829
        ],
        [
          120,
          0.153289
        ],
        [
          125,
          0.1356
        ],
        [
          130,
          0.273008
        ],
        [
          135,
          0.239522
        ],
        [
          140,
          0.256337
        ],
        [
          145,
          0.239522
        ],
        [
          150,
          0.188222
        ],
        [
          155,
          0.2976005
        ],
        [
          160,
          0.222567
        ],
        [
          165,
          0.338316
        ],
        [
          170,
          0.305936
        ],
        [
          175,
          0.289542
        ],
        [
          180,
          0.305936
        ],
        [
          185,
          0.29427733333333334
        ],
        [
          190,
          0.322193
        ],
        [
          195,
          0.416938
        ],
        [
          200,
          0.26115
        ],
        [
          205,
          0.370158
        ],
        [
          210,
          0.43227600000000005
        ],
        [
          215,
          0.408822
        ],
        [
          220,
          0.35430199999999995
        ],
        [
          225,
          0.521689
        ],
        [
          230,
          0.545118
        ],
        [
          235,
          0.507092
        ],
        [
          240,
          0.416938
        ],
        [
          245,
          0.4568753333333333
        ],
        [
          250,
          0.46257
        ],
        [
          255,
          0.592931
        ]
      ]
    },
    {
      "fan_id": 1,
      "windflow_sensor_id": 1,
      "coefficients": [
        5.318326530612298e-05,
        -0.08711604353741502
      ],
      "degree": 1,
      "r_squared": 0.0020079364437608493,
      "data_points": [
        [
          15,
          -0.294469
        ],
        [
          20,
          -0.169003
        ],
        [
          25,
          -0.108659
        ],
        [
          30,
          -0.06286399999999999
        ],
        [
          35,
          -0.08888800000000001
        ],
        [
          40,
          -0.08888800000000001
        ],
        [
          45,
          -0.08888800000000001
        ],
        [
          50,
          -0.08888800000000001
        ],
        [
          55,
          -0.08888800000000001
        ],
        [
          60,
          -0.07581933333333334
        ],
        [
          65,
          -0.049852
        ],
        [
          70,
          -0.011482
        ],
        [
          75,
          -0.03728399999999999
        ],
        [
          80,
          -0.06945433333333334
        ],
        [
          85,
          -0.08888800000000001
        ],
        [
          90,
          -0.08888800000000001
        ],
        [
          95,
          -0.030585
        ],
        [
          100,
          -0.069285
        ],
        [
          105,
          -0.08888800000000001
        ],
        [
          110,
          -0.049852
        ],
        [
          115,
          0.026237
        ],
        [
          120,
          -0.08888800000000001
        ],
        [
          125,
          -0.08888800000000001
        ],
        [
          130,
          -0.030585
        ],
        [
          135,
          -0.011482
        ],
        [
          140,
          -0.011482
        ],
        [
          145,
          -0.189466
        ],
        [
          150,
          -0.049852
        ],
        [
          155,
          -0.0118075
        ],
        [
          160,
          -0.359682
        ],
        [
          165,
          -0.030585
        ],
        [
          170,
          -0.069285
        ],
        [
          175,
          -0.108659
        ],
        [
          180,
          0.007459
        ],
        [
          185,
          -0.043429666666666665
        ],
        [
          190,
          0.026237
        ],
        [
          195,
          0.099765
        ],
        [
          200,
          -0.12928599999999998
        ],
        [
          205,
          -0.108659
        ],
        [
          210,
          -0.011482
        ],
        [
          215,
          -0.011563
        ],
        [
          220,
          -0.251925
        ],
        [
          225,
          -0.108659
        ],
        [
          230,
          0.03201366666666666
        ],
        [
          235,
          -0.030585
        ],
        [
          240,
          -0.08888800000000001
        ],
        [
          245,
          -0.09162966666666666
        ],
        [
          250,
          -0.273107
        ],
        [
          255,
          -0.169003
        ]
      ]
    },
    {
      "fan_id": 2,
      "windflow_sensor_id": 2,
      "coefficients": [
        0.0019907073197278913,
        -0.18279794054421758
      ],
      "degree": 1,
      "r_squared": 0.8683934697316208,