{
  "calibration_id": "windflow_20260509_163751",
  "timestamp": "2026-05-09T16:37:51.749289",
  "polynomials": [
    {
      "fan_id": 0,
      "windflow_sensor_id": 0,
      "coefficients": [
        -0.00046833163265306085,
        -0.06998823639455788
      ],
      "degree": 1,
      "r_squared": 0.06494713542339814,
      "data_points": [
        [
          15,
          -0.294469
        ],
        [
          20,
          -0.08888800000000001
        ],
        [
          25,
          -0.108659
        ],
        [
          30,
          -0.08888800000000001
        ],
        [
          35,
          -0.069285
        ],
        [
          40,
          -0.069285
        ],
        [
          45,
          -0.011482
        ],
        [
          50,
          -0.1286
        ],
        [
          55,
          -0.011482
        ],
        [
          60,
          -0.030585
        ],
        [
          65,
          -0.049852
        ],
        [
          70,
          -0.148715
        ],
        [
          75,
          -0.169003
        ],
        [
          80,
          -0.251925
        ],
        [
          85,
          -0.08888800000000001
        ],
        [
          90,
          -0.069285
        ],
        [
          95,
          -0.069285
        ],
        [
          100,
          0.1356
        ],
        [
          105,
          -0.08888800000000001
        ],
        [
          110,
          -0.148715
        ],
        [
          115,
          -0.108659
        ],
        [
          120,
          0.099765
        ],
        [
          125,
          -0.169003
        ],
        [
          130,
          -0.049852
        ],
        [
          135,
          -0.08888800000000001
        ],
        [
          140,
          -0.189466
        ],
        [
          145,
          -0.08888800000000001
        ],
        [
          150,
          -0.08888800000000001
        ],
        [
          155,
          -0.337756
        ],
        [
          160,
          -0.189466
        ],
        [
          165,
          0.026237
        ],
        [
          170,
          -0.316018
        ],
        [
          175,
          -0.316018
        ],
        [
          180,
          -0.210105
        ],
        [
          185,
          -0.472199
        ],
        [
          190,
          -0.169003
        ],
        [
          195,
          -0.08888800000000001
        ],
        [
          200,
          -0.069285
        ],
        [
          205,
          -0.251925
        ],
        [
          210,
          -0.359682
        ],
        [
          215,
          -0.148715
        ],
        [
          220,
          0.007459
        ],
        [
          225,
          -0.1286
        ],
        [
          230,
          -0.23092499999999996
        ],
        [
          235,
          0.044856
        ],
        [
          240,
          -0.049852
        ],
        [
          245,
          -0.542081
        ],
        [
          250,
          -0.08888800000000001
        ],
        [
          255,
          -0.10212533333333333
        ]
      ]
    },
    {
      "fan_id": 1,
      "windflow_sensor_id": 1,
      "coefficients": [
        -8.231518367346932e-05,
        -0.05794809646258503
      ],
      "degree": 1,
      "r_squared": 0.0033456015105365333,
      "data_points": [
        [
          15,
          -0.049852
        ],
        [
          20,
          -0.108659
        ],
        [
          25,
          -0.169003
        ],
        [
          30,
          -0.1286
        ],
        [
          35,
          -0.1286
        ],
        [
          40,
          -0.108659
        ],
        [
          45,
          -0.069285
        ],
        [
          50,
          -0.08888800000000001
        ],
        [
          55,
          -0.069285
        ],
        [
          60,
          -0.069285
        ],
        [
          65,
          -0.08888800000000001
        ],
        [
          70,
          -0.148715
        ],
        [
          75,
          -0.189466
        ],
        [
          80,
          0.007459
        ],
        [
          85,
          -0.030585
        ],
        [
          90,
          0.026237
        ],
        [
          95,
          0.044856
        ],
        [
          100,
          0.063313
        ],
        [
          105,
          0.007459
        ],
        [
          110,
          -0.011482
        ],
        [
          115,
          0.20546699999999998
        ],
        [
          120,
          0.188222
        ],
        [
          125,
          -0.1286
        ],
        [
          130,
          0.007459
        ],
        [
          135,
          -0.08888800000000001
        ],
        [
          140,
          -0.030585
        ],
        [
          145,
          -0.108659
        ],
        [
          150,
          -0.069285
        ],
        [
          155,
          -0.273107
        ],
        [
          160,
          0.026237
        ],
        [
          165,
          -0.148715
        ],
        [
          170,
          -0.069285
        ],
        [
          175,
          -0.23092499999999996
        ],
        [
          180,
          -0.08888800000000001
        ],
        [
          185,
          -0.069285
        ],
        [
          190,
          -0.108659
        ],
        [
          195,
          -0.1286
        ],
        [
          200,
          0.1356
        ],
        [
          205,
          -0.1286
        ],
        [
          210,
          -0.148715
        ],
        [
          215,
          -0.08888800000000001
        ],
        [
          220,
          -0.148715
        ],
        [
          225,
          -0.011482
        ],
        [
          230,
          -0.210105
        ],
        [
          235,
          -0.210105
        ],
        [
          240,
          0.063313
        ],
        [
          245,
          0.081616
        ],
        [
          250,
          -0.169003
        ],
        [
          255,
          -0.12286366666666666
        ]
      ]
    },
    {
      "fan_id": 2,
      "windflow_sensor_id": 2,
      "coefficients": [
        0.0004058951632653063,
        -0.06546398309523811
      ],
      "degree": 1,
      "r_squared": 0.32180797863260835,