{
  "calibration_id": "windflow_20260510_173613",
  "timestamp": "2026-05-10T17:36:13.907953",
  "polynomials": [
    {
      "fan_id": 0,
      "windflow_sensor_id": 0,
      "coefficients": [
        -0.00046699851020408074,
        -0.1128348677891157
      ],
      "degree": 1,
      "r_squared": 0.03818592944723942,
      "data_points": [
        [
          15,
          -0.449306
        ],
        [
          20,
          -0.011482
        ],
        [
          25,
          -0.011482
        ],
        [
          30,
          -0.030585
        ],
        [
          35,
          -0.030585
        ],
        [
          40,
          -0.337756
        ],
        [
          45,
          -0.337756
        ],
        [
          50,
          -0.108659
        ],
        [
          55,
          -0.108659
        ],
        [
          60,
          -0.1286
        ],
        [
          65,
          -0.115306
        ],
        [
          70,
          -0.108659
        ],
        [
          75,
          -0.08888800000000001
        ],
        [
          80,
          -0.08888800000000001
        ],
        [
          85,
          -0.08888800000000001
        ],
        [
          90,
          -0.11536266666666666
        ],
        [
          95,
          -0.1286
        ],
        [
          100,
          -0.069285
        ],
        [
          105,
          -0.069285
        ],
        [
          110,
          -0.273107
        ],
        [
          115,
          -0.273107
        ],
        [
          120,
          -0.1286
        ],
        [
          125,
          -0.1286
        ],
        [
          130,
          -0.23092499999999996
        ],
        [
          135,
          -0.23092499999999996
        ],
        [
          140,
          -0.251925
        ],
        [
          145,
          -0.23792500000000003
        ],
        [
          150,
          -0.23092499999999996
        ],
        [
          155,
          -0.404107
        ],
        [
          160,
          -0.404107
        ],
        [
          165,
          -0.148715
        ],
        [
          170,
          -0.148715
        ],
        [
          175,
          -0.08888800000000001
        ],
        [
          180,
          -0.08888800000000001
        ],
        [
          185,
          -0.049852
        ],
        [
          190,
          -0.049852
        ],
        [
          195,
          0.289542
        ],
        [
          200,
          0.289542
        ],
        [
          205,
          -0.294469
        ],
        [
          210,
          -0.294469
        ],
        [
          215,
          -0.23092499999999996
        ],
        [
          220,
          -0.23092499999999996
        ],
        [
          225,
          -0.638121
        ],
        [
          230,
          -0.638121
        ],
        [
          235,
          -0.23092499999999996
        ],
        [
          240,
          -0.23092499999999996
        ],
        [
          245,
          -0.169003
        ],
        [
          250,
          -0.169003
        ],
        [
          255,
          -0.273107
        ]
      ]
    },
    {
      "fan_id": 1,
      "windflow_sensor_id": 1,
      "coefficients": [
        0.0007689050136054429,
        -0.14748572105442184
      ],
      "degree": 1,
      "r_squared": 0.17222192630030864,
      "data_points": [
        [
          15,
          -0.273107
        ],
        [
          20,
          -0.23092499999999996
        ],
        [
          25,
          -0.23092499999999996
        ],
        [
          30,
          -0.169003
        ],
        [
          35,
          -0.169003
        ],
        [
          40,
          0.188222
        ],
        [
          45,
          0.188222
        ],
        [
          50,
          -0.251925
        ],
        [
          55,
          -0.251925
        ],
        [
          60,
          -0.030585
        ],
        [
          65,
          -0.12286366666666666
        ],
        [
          70,
          -0.169003
        ],
        [
          75,
          -0.049852
        ],
        [
          80,
          -0.049852
        ],
        [
          85,
          -0.169003
        ],
        [
          90,
          -0.05136166666666667
        ],
        [
          95,
          0.007459
        ],
        [
          100,
          -0.030585
        ],
        [
          105,
          -0.030585
        ],
        [
          110,
          0.099765
        ],
        [
          115,
          0.099765
        ],
        [
          120,
          -0.069285
        ],
        [
          125,
          -0.069285
        ],
        [
          130,
          -0.148715
        ],
        [
          135,
          -0.148715
        ],
        [
          140,
          0.007459
        ],
        [
          145,
          -0.12382433333333333
        ],
        [
          150,
          -0.189466
        ],
        [
          155,
          -0.108659
        ],
        [
          160,
          -0.108659
        ],
        [
          165,
          0.117759
        ],
        [
          170,
          0.117759
        ],
        [
          175,
          0.153289
        ],
        [
          180,
          0.153289
        ],
        [
          185,
          -0.011482
        ],
        [
          190,
          -0.011482
        ],
        [
          195,
          -0.088888
        ],
        [
          200,
          -0.08888800000000001
        ],
        [
          205,
          -0.189466
        ],
        [
          210,
          -0.189466
        ],
        [
          215,
          0.044856
        ],
        [
          220,
          0.044856
        ],
        [
          225,
          0.063313
        ],
        [
          230,
          0.063313
        ],
        [
          235,
          0.20546699999999998
        ],
        [
          240,
          0.20546699999999998
        ],
        [
          245,
          0.007459
        ],
        [
          250,
          0.007459
        ],
        [
          255,
          -0.08888800000000001
        ]
      ]
    },
    {
      "fan_id": 2,
      "windflow_sensor_id": 2,
      "coefficients": [
        0.00044615323129251706,
        -0.061391550170068025
      ],
      "degree": 1,
      "r_squared": 0.29666169885577776,