{
  "calibration_id": "windflow_20260508_230139",
  "timestamp": "2026-05-08T23:01:39.717601",
  "polynomials": [
    {
      "fan_id": 0,
      "windflow_sensor_id": 0,
      "coefficients": [
        -0.0004030799659864021,
        1.730186400850341
      ],
      "degree": 1,
      "r_squared": 0.06658008523143177,
      "data_points": [
        [
          15,
          1.71103
        ],
        [
          20,
          1.68912
        ],
        [
          25,
          1.681779
        ],
        [
          30,
          1.667035
        ],
        [
          35,
          1.6620936666666666
        ],
        [
          40,
          1.667035
        ],
        [
          45,
          1.6768729999999998
        ],
        [
          50,
          1.703748
        ],
        [
          55,
          1.6744200000000002
        ],
        [
          60,
          2.149423
        ],
        [
          65,
          1.681779
        ],
        [
          70,
          1.6744200000000002
        ],
        [
          75,
          1.622281
        ],
        [
          80,
          1.6964429999999997
        ],
        [
          85,
          1.6964429999999997
        ],
        [
          90,
          1.6447589999999999
        ],
        [
          95,
          1.6447589999999999
        ],
        [
          100,
          1.732774
        ],
        [
          105,
          1.6744200000000002
        ],
        [
          110,
          1.7085713333333332
        ],
        [
          115,
          1.6744200000000002
        ],
        [
          120,
          1.6744200000000002
        ],
        [
          125,
          1.647001666666667
        ],
        [
          130,
          1.667035
        ],
        [
          135,
          1.902196
        ],
        [
          140,
          1.6596330000000001
        ],
        [
          145,
          1.652211
        ],
        [
          150,
          1.6744200000000002
        ],
        [
          155,
          1.6964429999999997
        ],
        [
          160,
          1.5766479999999998
        ],
        [
          165,
          1.667035
        ],
        [
          170,
          1.6298000000000001
        ],
        [
          175,
          1.964355
        ],
        [
          180,
          1.466086
        ],
        [
          185,
          1.652211
        ],
        [
          190,
          1.607175
        ],
        [
          195,
          1.607175
        ],
        [
          200,
          1.667035
        ],
        [
          205,
          1.545686
        ],
        [
          210,
          1.902196
        ],
        [
          215,
          1.6447589999999999
        ],
        [
          220,
          1.6298000000000001
        ],
        [
          225,
          1.622281
        ],
        [
          230,
          1.457942
        ],
        [
          235,
          1.599582
        ],
        [
          240,
          1.681779
        ],
        [
          245,
          1.506299
        ],
        [
          250,
          1.718297
        ],
        [
          255,
          1.6596330000000001
        ]
      ]
    },
    {
      "fan_id": 1,
      "windflow_sensor_id": 1,
      "coefficients": [
        0.00025558904761904133,
        1.6722124853741502
      ],
      "degree": 1,
      "r_squared": 0.03498498273360395,
      "data_points": [
        [
          15,
          1.6744200000000002
        ],
        [
          20,
          1.6596330000000001
        ],
        [
          25,
          1.667035
        ],
        [
          30,
          1.622281
        ],
        [
          35,
          1.6422343333333334
        ],
        [
          40,
          1.652211
        ],
        [
          45,
          1.654675
        ],
        [
          50,
          1.681779
        ],
        [
          55,
          1.6744200000000002
        ],
        [
          60,
          2.026147
        ],
        [
          65,
          1.681779
        ],
        [
          70,
          1.652211
        ],
        [
          75,
          1.622281
        ],
        [
          80,
          1.6744200000000002
        ],
        [
          85,
          1.614743
        ],
        [
          90,
          1.71103
        ],
        [
          95,
          1.6744200000000002
        ],
        [
          100,
          1.681779
        ],
        [
          105,
          1.667035
        ],
        [
          110,
          1.667035
        ],
        [
          115,
          1.6744200000000002
        ],
        [
          120,
          1.652211
        ],
        [
          125,
          1.664562
        ],
        [
          130,
          1.754361
        ],
        [
          135,
          1.964355
        ],
        [
          140,
          1.6744200000000002
        ],
        [
          145,
          1.6964429999999997
        ],
        [
          150,
          1.681779
        ],
        [
          155,
          1.754361
        ],
        [
          160,
          1.6447589999999999
        ],
        [
          165,
          1.739985
        ],
        [
          170,
          1.6447589999999999
        ],
        [
          175,
          2.012437
        ],
        [
          180,
          1.622281
        ],
        [
          185,
          1.652211
        ],
        [
          190,
          1.71103
        ],
        [
          195,
          1.71103
        ],
        [
          200,
          1.732774
        ],
        [
          205,
          1.761525
        ],
        [
          210,
          2.026147
        ],
        [
          215,
          1.739985
        ],
        [
          220,
          1.725541
        ],
        [
          225,
          1.71103
        ],
        [
          230,
          1.6964429999999997
        ],
        [
          235,
          1.6447589999999999
        ],
        [
          240,
          1.6447589999999999
        ],
        [
          245,
          1.71103
        ],
        [
          250,
          1.703748
        ],
        [
          255,
          1.6744200000000002
        ]
      ]
    },
    {
      "fan_id": 2,
      "windflow_sensor_id": 2,
      "coefficients": [
        0.00035782685034013186,
        1.6895488786054422
      ],
      "degree": 1,
      "r_squared": 0.07525352653617678,